sie;sig
25 DE MAIO     ;BARRA BONITASC
A CEDROS       ;RIO DOS CEDROSSC
A GARIBALDI    ;ANITA GARIBALDISC
A PALMEIRA     ;RIO DOS CEDROSSC
A PEDRA PRETA  ;RIO DOS CEDROSSC
A RIO DO CAMPO ;BIGUAÇUSC
ABDON BATISTA  ;ABDON BATISTASC
ABELARDO LUZ   ;ABELARDO LUZSC
AC ADOLF.KONDER;ITÁSC
AC CORVETA     ;ARAQUARISC
AC COSTA LAGOA ;JAGUARUNASC
AC ITAPIRUBA   ;IMBITUBASC
AC JAGUARUNA   ;JAGUARUNASC
AC MIRIM 2     ;IMBITUBASC
AC MORRO GRANDE;JAGUARUNASC
AC OLHO DAGUA  ;JAGUARUNASC
AC P REDONDO   ;TAIÓSC
AC PALHOCA     ;PALHOÇASC
AC QUARTA LINHA;CRICIÚMASC
AC RIO ACIMA   ;IÇARASC
AC SUL         ;CRICIÚMASC
AC TREVO ROCADO;SÃO JOSÉSC
ACAMP TRIANGULO;CURITIBANOSSC
ACESSO IMBITUBA;IMBITUBASC
ACESSO LAGUNA  ;LAGUNASC
ACESSO SANGAO 2;JAGUARUNASC
ADOLFO KONDER  ;ITÁSC
AGROLANDIA     ;AGROLÂNDIASC
AGRONOMICA     ;AGRONÔMICASC
AGRONOMICA(M.R);AGRONÔMICASC
AGUA BRANCA 1  ;SÃO MIGUEL DA BOA VISTASC
AGUA DOCE      ;ÁGUA DOCESC
AGUA FRIA      ;INDAIALSC
AGUA PARADA    ;DIONÍSIO CERQUEIRASC
AGUA SANTA     ;BOM JESUSSC
AGUAS BRANCAS  ;URUBICISC
AGUAS CHAPECO  ;ÁGUAS DE CHAPECÓSC
AGUAS DO PRATA ;SÃO CARLOSSC
AGUAS FRIAS    ;ÁGUAS FRIASSC
AGUAS MORNAS   ;ÁGUAS MORNASSC
AGUAS MORNAS 2 ;URUSSANGASC
AGUAS NEGRAS 1 ;BOTUVERÁSC
AGUAS NEGRAS 2 ;ITUPORANGASC
AGUDO          ;CAMPOS NOVOSSC
AIMORE         ;GUABIRUBASC
AIURE          ;GRÃO PARÁSC
ALBERTINA      ;RIO DO SULSC
ALEGRE DO MARCO;ABELARDO LUZSC
ALFREDO WAGNER ;ALFREDO WAGNERSC
ALTO ARIRIU    ;PALHOÇASC
ALTO BENEDITO  ;BENEDITO NOVOSC
ALTO DA SERRA  ;JARAGUÁ DO SULSC
ALTO DA SERRA 1;PRESIDENTE NEREUSC
ALTO DA SERRA 5;URUBICISC
ALTO DA SERRA 6;BOM JARDIM DA SERRASC
ALTO DA SERRA 7;CHAPECÓSC
ALTO DA SERRA 9;LAGESSC
ALTO FORCACAO  ;BENEDITO NOVOSC
ALTO GUARAMIRIM;SÃO MIGUEL DO OESTESC
ALTO IRANI     ;IRANISC
ALTO KRAUEL    ;WITMARSUMSC
ALTO MARTINS   ;GALVÃOSC
ALTO MINAS     ;ILHOTASC
ALTO MOSQUITO  ;AGRONÔMICASC
ALTO POMERANOS ;RIO DOS CEDROSSC
ALTO R DENEKE  ;VITOR MEIRELESSC
ALTO RIO BUGRE ;IMBUIASC
ALTO RIO MAINA ;SIDERÓPOLISSC
ALTO RIO PEDRAS;LEOBERTO LEALSC
ALTO SANTANA   ;IPIRASC
ALTO SARGENTO  ;SÃO MIGUEL DA BOA VISTASC
ALTO SUBIDA    ;LONTRASSC
ALTO T BARRAS  ;ITUPORANGASC
ALTO TIGRE     ;MONDAÍSC
AMOLA FACA 1   ;LAGESSC
ANCHIETA       ;ANCHIETASC
ANGELINA       ;ANGELINASC
ANGICO         ;RIO DO OESTESC
ANITA GARIB.   ;BALNEÁRIO GAIVOTASC
ANITA GARIBALDI;ANITA GARIBALDISC
ANITAPOLIS     ;ANITÁPOLISSC
ANTA GORDA 1   ;INDAIALSC
ANTA GORDA 2   ;VIDEIRASC
ANTONIO BRANCO ;TIMBÉ DO SULSC
ANTONIO CARLOS ;ANTÔNIO CARLOSSC
APIUNA         ;APIÚNASC
ARABUTA        ;ARABUTÃSC
ARACA          ;SÃO JOSÉ DO CERRITOSC
ARACA 1        ;ABELARDO LUZSC
ARACA 2        ;ANCHIETASC
ARACA 3        ;LAGESSC
ARACATUBA      ;IMBITUBASC
ARAQUARI       ;ARAQUARISC
ARAQUARI (IMA) ;ARAQUARISC
ARARANGUA      ;ARARANGUÁSC
ARATACA        ;SÃO JOÃO BATISTASC
ARATINGAUBA    ;IMARUÍSC
AREA INDUSTRIAL;SÃO JOSÉSC
AREIAS 1       ;ARAQUARISC
AREIAS 2       ;GOVERNADOR CELSO RAMOSSC
AREIAS DE BAIXO;GOVERNADOR CELSO RAMOSSC
AREINHA        ;OTACÍLIO COSTASC
ARIRIU         ;PALHOÇASC
ARIRIU FORMIGA ;PALHOÇASC
ARIRIU-S.FCO   ;PALHOÇASC
ARMACAO 1      ;PENHASC
ARMACAO PIEDADE;GOVERNADOR CELSO RAMOSSC
ARMAZEM        ;ARMAZÉMSC
ARNOPOLIS      ;ALFREDO WAGNERSC
ARROIO         ;IMBITUBASC
ARROIO PORCOS  ;GRÃO PARÁSC
ARROIO SILVA   ;BALNEÁRIO ARROIO DO SILVASC
ARROIO TRINTA  ;ARROIO TRINTASC
ASCURRA        ;ASCURRASC
ATALANTA       ;ATALANTASC
ATAN PEREIRA   ;CAMPO BELO DO SULSC
ATERRADO TORTO ;POUSO REDONDOSC
AURORA         ;AURORASC
AVENIDA TORRES ;SÃO JOSÉSC
AZAMBUJA       ;PEDRAS GRANDESSC
AZAMBUJA 1     ;BRUSQUESC
B ARROIO SILVA ;BALNEÁRIO ARROIO DO SILVASC
B BORTOLOTO    ;NOVA VENEZASC
B IPIRANGA     ;SÃO JOSÉSC
B MANDASSAIA   ;QUILOMBOSC
B PRES VARGAS  ;IÇARASC
B S PEDRO      ;SÃO JOSÉSC
B SANTOS DUMONT;SÃO JOSÉSC
B SAO LUIZ     ;CRICIÚMASC
B VISTA TOLDO  ;MAFRASC
B. FUNDOS(COOP);BIGUAÇUSC
B. J. JANAINA  ;BIGUAÇUSC
B. N. HORIZONTE;ÁGUAS DE CHAPECÓSC
B.B.SUL(SALINA);ARAQUARISC
B.B.VIVER(CHJN);SÃO JOSÉSC
B.BOM VIVER    ;SÃO JOSÉSC
BADENFURT      ;BLUMENAUSC
BAIA ALTA      ;PONTE SERRADASC
BAIA DO ITAJAI ;ITAIÓPOLISSC
BAIRRO SAO LUIZ;SÃO JOSÉSC
BAIXO GABIROBA ;SÃO MARTINHOSC
BAIXO PINHAL   ;RIO DOS CEDROSSC
BALISA         ;XANXERÊSC
BALN B VELHA   ;ARARANGUÁSC
BALN CAMBORIU  ;BALNEÁRIO CAMBORIÚSC
BALN CAMPO BOM ;JAGUARUNASC
BALN DE PRATAS ;PALMITOSSC
BALN ESPLANADA ;JAGUARUNASC
BALN GAIVOTA   ;BALNEÁRIO GAIVOTASC
BALN. BARRA SUL;ARAQUARISC
BANANAL        ;LAGUNASC
BANDEIRANTE    ;BANDEIRANTESC
BAR PINHEIRINHO;JACINTO MACHADOSC
BARCA          ;CHAPECÓSC
BARR DO NORTE 1;SÃO LUDGEROSC
BARR DO NORTE 2;PEDRAS GRANDESSC
BARR DO TIGRE 1;CONCÓRDIASC
BARRA ANTA     ;JOSÉ BOITEUXSC
BARRA BONITA   ;BARRA BONITASC
BARRA BONITA 2 ;CONCÓRDIASC
BARRA CAMBORIU ;BALNEÁRIO CAMBORIÚSC
BARRA CIPRIANO ;SALETESC
BARRA CLARA    ;ANGELINASC
BARRA DA PRATA ;IBIRAMASC
BARRA DO ARIRIU;PALHOÇASC
BARRA DO MACACO;ITAPIRANGASC
BARRA DO SAI   ;ITAPOÁSC
BARRA DO SUL   ;ARAQUARISC
BARRA DOLMANN  ;IBIRAMASC
BARRA GRANDE 1 ;SALETESC
BARRA GRANDE 2 ;FAXINAL DOS GUEDESSC
BARRA GRANDE 4 ;LEOBERTO LEALSC
BARRA ITAPOCU  ;ARAQUARISC
BARRA MAIDANA  ;ÁGUAS DE CHAPECÓSC
BARRA MANSA    ;CANOINHASSC
BARRA NEGRA    ;MAJOR GERCINOSC
BARRA R DOLMANN;JOSÉ BOITEUXSC
BARRA RIO BUGRE;ITUPORANGASC
BARRA S JOAO   ;BENEDITO NOVOSC
BARRA TAIOZINHO;RIO DO CAMPOSC
BARRA TIGRE 2  ;AGROLÂNDIASC
BARRA TROMBUDO ;RIO DO SULSC
BARRA VELHA    ;BARRA VELHASC
BARRA VERDE 2  ;IÇARASC
BARRACAO       ;GASPARSC
BARRAGEM       ;ANGELINASC
BARRANCA       ;GRAVATALSC
BARRANCEIRA    ;LAGUNASC
BARRANCO ALTO  ;ILHOTASC
BARREIRA       ;LAGESSC
BARREIROS 1    ;SÃO JOSÉSC
BARREIROS 3    ;LAGUNASC
BARREIROS(HH)  ;SÃO JOSÉSC
BARREIROS[RR]  ;SÃO JOSÉSC
BARRO BRANCO 1 ;SÃO JOSÉSC
BARRO BRANCO 2 ;LAURO MULLERSC
BARRO PRETO    ;CAPINZALSC
BARRO PRETO 1  ;XANXERÊSC
BARRO VERMELHO2;ARMAZÉMSC
BARRO VERMELHO3;GRAVATALSC
BATEIAS        ;GASPARSC
BATEIAS BAIXO  ;CAMPO ALEGRESC
BATISTELO      ;CHAPECÓSC
BAU 1          ;ILHOTASC
BAU CENTRAL    ;ILHOTASC
BEATO ROQUE    ;ITAPIRANGASC
BELA ALIANCA   ;SÃO BENTO DO SULSC
BELA UNIAO     ;DESCANSOSC
BELA VISTA     ;CAXAMBU DO SULSC
BELA VISTA 1   ;PALHOÇASC
BELA VISTA 10  ;SÃO LOURENÇO DO OESTESC
BELA VISTA 11  ;GASPARSC
BELA VISTA 12  ;ALTO BELA VISTASC
BELA VISTA 2   ;SÃO JOSÉSC
BELA VISTA 4   ;MAFRASC
BELA VISTA 5   ;ERVAL VELHOSC
BELA VISTA 6   ;SÃO CARLOSSC
BELA VISTA 7   ;ITUPORANGASC
BELA VISTA 8   ;GRAVATALSC
BELA VISTA 9   ;CAMPOS NOVOSSC
BELCHIOR ALTO  ;GASPARSC
BELMONTE       ;BELMONTESC
BELO HORIZONTE ;MARAVILHASC
BENEDITO ALTO  ;BENEDITO NOVOSC
BENEDITO NOVO  ;BENEDITO NOVOSC
BENTOS         ;LAGUNASC
BETANIA        ;ANGELINASC
BIGUA          ;IRACEMINHASC
BIGUACU        ;BIGUAÇUSC
BIGUACU F(J.C) ;BIGUAÇUSC
BIGUACU FUNDOS ;BIGUAÇUSC
BILETZKI       ;ITAIÓPOLISSC
BLINK          ;VIDAL RAMOSSC
BLUMENAU       ;BLUMENAUSC
BLUMENAU-KREMER;BLUMENAUSC
BOA ESPERANCA  ;MAJOR GERCINOSC
BOA ESPERANCA 3;MARAVILHASC
BOA VISTA      ;IÇARASC
BOA VISTA 2    ;JOINVILLESC
BOA VISTA 3    ;ILHOTASC
BOCA DA BARRA  ;ARAQUARISC
BOCA DA SERRA  ;LAURO MULLERSC
BOCA DO PIQUE  ;MELEIROSC
BOCAINA        ;BOCAINA DO SULSC
BOI PRETO      ;SANTA CECÍLIASC
BOITEUXBURGO   ;MAJOR GERCINOSC
BOM J DA SERRA ;BOM JARDIM DA SERRASC
BOM J OESTE    ;BOM JESUS DO OESTESC
BOM J OESTE 2  ;MODELOSC
BOM JESUS      ;BOM JESUSSC
BOM JESUS - RS ;SC
BOM RETIRO     ;BOM RETIROSC
BOM SUCESSO 1  ;ITAIÓPOLISSC
BOM SUCESSO 2  ;IOMERÊSC
BOM SUCESSO 3  ;IPUMIRIMSC
BOMBAS         ;PORTO BELOSC
BOMBINHAS      ;BOMBINHASSC
BONITO         ;IPUMIRIMSC
BOTUVERA       ;BOTUVERÁSC
BRACATINGA     ;TROMBUDO CENTRALSC
BRACO AURORA   ;AURORASC
BRACO DO NORTE ;BRAÇO DO NORTESC
BRACO SERAFIM  ;LUIZ ALVESSC
BRACO TROMBUDO ;BRAÇO DO TROMBUDOSC
BRAGAGNOLO     ;FAXINAL DOS GUEDESSC
BRILHANTE      ;ITAJAÍSC
BRITADOR       ;MARAVILHASC
BRUNOPOLIS     ;CAMPOS NOVOSSC
BRUSQUE        ;BRUSQUESC
C ARTUR MARIANO;SÃO JOSÉSC
C BRANCO       ;PARAÍSOSC
C IMPERATRIZ   ;SANTO AMARO DA IMPERATRIZSC
C J PALMEIRAS  ;SÃO JOSÉSC
CAB RIB AREIA  ;AGRONÔMICASC
CAB. POCO RICO ;SÃO MIGUEL DA BOA VISTASC
CAB.IRACEMINHA ;MARAVILHASC
CABECUDA       ;LAGUNASC
CABECUDAS      ;LAGUNASC
CABRAS         ;NAVEGANTESSC
CACADOR        ;CAÇADORSC
CACADOR 1      ;CAPIVARI DE BAIXOSC
CACHIMBO       ;CONCÓRDIASC
CACHOEIRA      ;PRAIA GRANDESC
CACHOEIRA SUL  ;SC
CACHOEIRINHA   ;PORTO UNIÃOSC
CADEADOS       ;LAGESSC
CAETE          ;URUSSANGASC
CAFE FILHO     ;ANCHIETASC
CAIBI          ;CAIBISC
CAIEIRA NORTE  ;GOVERNADOR CELSO RAMOSSC
CAIRU          ;CORONEL FREITASSC
CALMON         ;CALMONSC
CAMACHO        ;JAGUARUNASC
CAMBORIU       ;CAMBORIÚSC
CAMBUCICA      ;RIQUEZASC
CAMINHO NOVO   ;PALHOÇASC
CAMINHO PINHAL ;DONA EMMASC
CAMINHO POSTO  ;DONA EMMASC
CAMP VACARIANO ;URUBICISC
CAMPESTRE      ;VIDAL RAMOSSC
CAMPINA ALEGRIA;CATANDUVASSC
CAMPINA BELA   ;VIDEIRASC
CAMPINAS 1     ;SÃO JOSÉSC
CAMPINAS 2     ;DESCANSOSC
CAMPINHO       ;CAMPO BELO DO SULSC
CAMPO ALEGRE   ;CAMPO ALEGRESC
CAMPO ALTO     ;CAÇADORSC
CAMPO BELO SUL ;CAMPO BELO DO SULSC
CAMPO BOM      ;JAGUARUNASC
CAMPO CHATO    ;OTACÍLIO COSTASC
CAMPO DA ESTIVA;ITAIÓPOLISSC
CAMPO DO AREIAO;SANTA CECÍLIASC
CAMPO ERE      ;CAMPO ERÊSC
CAMPO MAE LUZIA;IÇARASC
CAMPOS NOVOS   ;CAMPOS NOVOSSC
CAMPOS VERDES  ;LAGUNASC
CANELA GAUCHA  ;SÃO MIGUEL DO OESTESC
CANELA GRANDE  ;PEDRAS GRANDESSC
CANELINHA      ;CANELINHASC
CANGUERI       ;IMARUÍSC
CANHADA GRANDE ;CONCÓRDIASC
CANHADAO       ;ABELARDO LUZSC
CANOAS 1       ;BOM RETIROSC
CANOAS 3       ;LUIZ ALVESSC
CANOAS 4       ;VARGEMSC
CANOINHAS      ;CANOINHASSC
CANTO GANCHOS  ;GOVERNADOR CELSO RAMOSSC
CANTO GRANDE   ;PORTO BELOSC
CAPAO ALTO     ;CAPÃO ALTOSC
CAPAO ALTO 2   ;SANTA CECÍLIASC
CAPELA 1       ;SÃO BONIFÁCIOSC
CAPELA 2       ;RIO DO OESTESC
CAPELA DIVINO  ;CAMPO BELO DO SULSC
CAPELA MOTTAS 1;CAMPO BELO DO SULSC
CAPELA/A.ARIRIU;SANTO AMARO DA IMPERATRIZSC
CAPINZAL       ;CAPINZALSC
CAPITAO MOR    ;BOCAINA DO SULSC
CAPIVARAS      ;BOM JARDIM DA SERRASC
CAPIVARI BAIXO ;CAPIVARI DE BAIXOSC
CARAIBA        ;SEARASC
CARAVAGIO 2    ;NOVA VENEZASC
CARAZINHO      ;SC
CARLOS GOMES   ;MAREMASC
CARMELINDA     ;OUROSC
CARREIRAS      ;LAGUNASC
CARVOEIRA      ;IRANISC
CASCA RS       ;SC
CASCATA        ;SÃO LOURENÇO DO OESTESC
CASCAVEL       ;CHAPECÓSC
CASQUEIRO      ;JAGUARUNASC
CASTELHANO     ;JABORÁSC
CATANDUVAS     ;CATANDUVASSC
CATARINA 2     ;SÃO JOSÉSC
CATUIRA        ;ALFREDO WAGNERSC
CAUNAL         ;RIO NEGRINHOSC
CAVEIRINHA     ;LAGESSC
CAXAMBU DO SUL ;CAXAMBU DO SULSC
CAXIAS DO SUL  ;SC
CEASA          ;SÃO JOSÉSC
CEDRO ALTO     ;RIO DOS CEDROSSC
CEDRO NEGRO    ;LAGESSC
CELSO RAMOS    ;CELSO RAMOSSC
CEMACO         ;IÇARASC
CENTR FERNANDES;SÃO JOÃO BATISTASC
CERAMICA       ;PALHOÇASC
CERRO ALTO     ;PALMEIRASC
CERRO BRANCO 1 ;CAÇADORSC
CERRO BRANCO 2 ;SÃO MIGUEL DO OESTESC
CERRO DO AREAO ;SANTA CECÍLIASC
CERRO GALO     ;PORTO UNIÃOSC
CERRO NEGRO    ;CERRO NEGROSC
CH FORQUILHINHA;SÃO JOSÉSC
CHAPADA        ;SEARASC
CHAPADAO TIGRE ;VIDAL RAMOSSC
CHAPECO        ;CHAPECÓSC
CHAPECOZINHO   ;XANXERÊSC
CIDADE ALTA    ;ARARANGUÁSC
CIDADE ALTA 1  ;FORQUILHINHASC
CIGANA         ;LAGUNASC
CINEMA         ;VIDAL RAMOSSC
CLARAIBA       ;NOVA TRENTOSC
CLEVELANDIA PR ;SC
CLUBE GUARANI  ;BRUSQUESC
COBRAS         ;AURORASC
COCAL          ;URUSSANGASC
COLONIA CELLA  ;CHAPECÓSC
COLONIA RUTHES ;ITAIÓPOLISSC
COLONIA SANTANA;SÃO JOSÉSC
COLORADO       ;SANTA TEREZINHASC
CONCEICAO      ;ITAPIRANGASC
CONCORDIA      ;CONCÓRDIASC
CONSOLACAO     ;URUBICISC
CONSOLADORA    ;MARAVILHASC
COQUEIROS      ;ANGELINASC
CORACAO        ;CATANDUVASSC
CORDILHEIRA    ;CORDILHEIRA ALTASC
CORONEL FREITAS;CORONEL FREITASSC
CORONEL MARTINS;CORONEL MARTINSSC
CORREDEIRAS    ;RIO NEGRINHOSC
CORREIA PINTO  ;CORREIA PINTOSC
CORRUCHEL      ;POUSO REDONDOSC
CORUPA         ;CORUPÁSC
COST ARMACAO   ;GOVERNADOR CELSO RAMOSSC
COSTA DA LAGOA ;JAGUARUNASC
COSTA MAMPITUBA;SÃO JOÃO DO SULSC
COSTAO         ;JACINTO MACHADOSC
COTIAS         ;LONTRASSC
COTOVELO       ;JACINTO MACHADOSC
COVA ONCA      ;SÃO JOSÉSC
CRAVEIRO       ;SANTA TEREZINHASC
CRICIUMA       ;CRICIÚMASC
CRISTALINA     ;BOTUVERÁSC
CRISTO REI     ;ITAPIRANGASC
CRUZ ALTA RS   ;SC
CRUZEIRO 1     ;PAPANDUVASC
CRUZEIRO 2     ;SÃO JOAQUIMSC
CRUZINHAS      ;SÃO MIGUEL DO OESTESC
CUBATAO        ;PALHOÇASC
CUBATAO(JOMAR) ;PALHOÇASC
CUBICULO       ;TREZE DE MAIOSC
CUNHA PORA     ;CUNHA PORÃSC
CURITIBA       ;SC
CURITIBANOS    ;CURITIBANOSSC
CURRALINHOS    ;PASSO DE TORRESSC
D CERQUEIRA    ;DIONÍSIO CERQUEIRASC
D JOAQUIM      ;BRUSQUESC
DAL PAI        ;CAMPOS NOVOSSC
DALBERGIA      ;IBIRAMASC
DEMORAS        ;ALFREDO WAGNERSC
DERRUBADA      ;SÃO JOSÉ DO CEDROSC
DESCANSO       ;DESCANSOSC
DESQUITE       ;OTACÍLIO COSTASC
DEZ DE NOVEMBRO;FRAIBURGOSC
DIAMANTE       ;RODEIOSC
DIAMANTINA     ;PALMITOSSC
DIST. JUVENCIO ;MARAVILHASC
DISTRITO       ;ITAIÓPOLISSC
DIV SC/RS      ;LAGESSC
DIV SC/RS BR285;TIMBÉ DO SULSC
DIV SC/RS BR480;CHAPECÓSC
DIV SC/RS FAX  ;PRAIA GRANDESC
DIV-BELCHIOR   ;BLUMENAUSC
DIVISA 1       ;RANCHO QUEIMADOSC
DIVISA 10      ;ALTO BELA VISTASC
DIVISA 11      ;ARAQUARISC
DIVISA 12      ;ITÁSC
DIVISA 2       ;INDAIALSC
DIVISA 4       ;XANXERÊSC
DIVISA 6       ;GUABIRUBASC
DIVISA 8       ;BLUMENAUSC
DIVISA 9       ;GARUVASC
DIVISA PR/SC   ;ITAPOÁSC
DIV-ITAJAI     ;NAVEGANTESSC
DIV-LUIS ALVES ;LUIZ ALVESSC
DIV-NAVEGANTES ;LUIZ ALVESSC
DIV-PICARRAS   ;BARRA VELHASC
DOIS IRMAOS    ;JACINTO MACHADOSC
DOM CARLOS     ;PONTE SERRADASC
DONA EMMA      ;DONA EMMASC
DONA LUIZA     ;ATALANTASC
DONA PAULA     ;LONTRASSC
DOUTOR PEDRINHO;DOUTOR PEDRINHOSC
DOZE           ;LAURO MULLERSC
DR PEDRINHO    ;DOUTOR PEDRINHOSC
DR. GUIMARAES  ;IPUMIRIMSC
DUAS PORTEIRAS ;CAMPO BELO DO SULSC
E CERRO DO GALO;MATOS COSTASC
E CERRO GALO   ;PORTO UNIÃOSC
E PRAIA BONITA ;OUROSC
E.CAMP.REDONDA ;ITAIÓPOLISSC
ENC ARATINGAUBA;IMARUÍSC
ENC B VERMELHO2;MARACAJÁSC
ENC BAIA       ;ITAIÓPOLISSC
ENC BARRA VERDE;HERVAL D'OESTESC
ENC DEMBOSKI   ;CRICIÚMASC
ENC DONA EMMA  ;DONA EMMASC
ENC F S ANTONIO;SÃO JOSÉSC
ENC GANCHOS    ;BIGUAÇUSC
ENC JAGUARUNA  ;JAGUARUNASC
ENC JAQUIRANA  ;LAGESSC
ENC JUNDIA     ;MELEIROSC
ENC L OLINDA   ;CORONEL FREITASSC
ENC M GRANDE 2 ;JAGUARUNASC
ENC MORRO CHATO;MELEIROSC
ENC RODA VIVA  ;PALMITOSSC
ENC S FRANCISCO;DIONÍSIO CERQUEIRASC
ENC SAO SIMAO  ;CAMPOS NOVOSSC
ENC SEDE MARINA;DIONÍSIO CERQUEIRASC
ENC TOCA GRANDE;RIO DO OESTESC
ENC TRIUNFO    ;CAMPOS NOVOSSC
ENC V ALEGRE 1 ;QUILOMBOSC
ENC. S.CANIVETE;MAFRASC
ENC.RIO POCOS  ;CANOINHASSC
ENC.TOMAZZI    ;IRINEÓPOLISSC
ENCANO         ;INDAIALSC
ENCANTADA      ;GAROPABASC
ENCRUZILHADA 1 ;ITAIÓPOLISSC
ENCRUZILHADA 2 ;CAMPOS NOVOSSC
ENCRUZILHADA 4 ;ABELARDO LUZSC
ENCRUZILHADA 6 ;CANOINHASSC
ENGENHO VELHO  ;JACINTO MACHADOSC
ENGENHO VELHO 1;CAXAMBU DO SULSC
ENSEADA        ;SÃO FRANCISCO DO SULSC
ENSEADA BRITO  ;PALHOÇASC
ENT BONITA     ;SÃO MIGUEL DO OESTESC
ENT IRINEOPOLIS;CANOINHASSC
ENT.E.CORNELSON;ITAPOÁSC
ENTR B.BONITA  ;BARRA BONITASC
ENTRADA LAGES  ;LAGESSC
ENTRE RIOS     ;ENTRE RIOSSC
ENTRE RIOS 1   ;ENTRE RIOSSC
ERECHIM        ;SC
ERMIDA         ;SÃO JOSÉ DO CERRITOSC
ERMO           ;ERMOSC
ERVAL VELHO    ;ERVAL VELHOSC
ESCALVADO      ;NAVEGANTESSC
ESCOLA         ;RIO DOS CEDROSSC
ESCOLA E SOARES;JOINVILLESC
ESPIGAO 1      ;TAIÓSC
ESPIGAO PEDRA  ;ARARANGUÁSC
ESPLANADA      ;IÇARASC
ESPRAIADO      ;CANELINHASC
ESQUINA ARARA  ;DIONÍSIO CERQUEIRASC
ESQUINA POPI   ;ITAPIRANGASC
EST FIORITA    ;SIDERÓPOLISSC
EST RODRIGUES  ;BALNEÁRIO GAIVOTASC
EST VELHA      ;CAMPOS NOVOSSC
ESTACAO COCAL  ;MORRO DA FUMAÇASC
ESTACAO PALHOCA;PALHOÇASC
ESTIVA         ;LAGUNASC
ESTIVA 2       ;CAPIVARI DE BAIXOSC
ESTREITO 1 DV  ;IBICARÉSC
ESTREITO 2     ;LAGUNASC
F DA SERRA SUL ;SC
FAMOSO         ;DESCANSOSC
FAROL STA MARTA;LAGUNASC
FARROUPILHA    ;PONTE SERRADASC
FARROUPILHA 2  ;LAURO MULLERSC
FAXINAL        ;MAFRASC
FAXINAL 1      ;FRAIBURGOSC
FAXINAL 2      ;MAFRASC
FAXINAL GUEDES ;FAXINAL DOS GUEDESSC
FAXINAL IRANI  ;IRANISC
FAXINAL ROSAS  ;CHAPECÓSC
FAXINAL S PEDRO;LEBON RÉGISSC
FAZ AMPARO     ;ÁGUA DOCESC
FAZ ARMACAO    ;GOVERNADOR CELSO RAMOSSC
FAZ AURORA     ;CANELINHASC
FAZ DOS MORAES ;LAGESSC
FAZ MITRA      ;ITAJAÍSC
FAZ ROSEIRA    ;ÁGUA DOCESC
FAZ S ANTONIO 1;PONTE SERRADASC
FAZ S ANTONIO 2;SÃO JOSÉSC
FAZ S PAULO    ;IMARUÍSC
FAZ SUL        ;IMARUÍSC
FAZ ZANDAVALLI ;CHAPECÓSC
FAZ. BATATAIS  ;TRÊS BARRASSC
FAZ. ZANDAVALLI;CHAPECÓSC
FAZENDA 1      ;JACINTO MACHADOSC
FAZENDA 2      ;ÁGUAS MORNASSC
FAZENDA FONTANA;CURITIBANOSSC
FCO BELTRAO PR ;SC
FELIZ          ;GUATAMBÚSC
FERN MACHADO   ;CHAPECÓSC
FERNANDES      ;SÃO JOÃO BATISTASC
FIGUEIRA       ;LAGUNASC
FIORITA        ;SIDERÓPOLISSC
FISCHER        ;FRAIBURGOSC
FLOR DA SERRA  ;PALMA SOLASC
FLOR DE NAPOLIS;SÃO JOSÉSC
FLOR DO SERTAO ;FLOR DO SERTÃOSC
FLORESTA       ;SÃO JOSÉSC
FLORIANOPOLIS  ;FLORIANÓPOLISSC
FORCACAO       ;BENEDITO NOVOSC
FORMOSA DO SUL ;FORMOSA DO SULSC
FORQUILHAS     ;SÃO JOSÉSC
FORQUILHINHA   ;FORQUILHINHASC
FORQUILHINHA 2 ;SIDERÓPOLISSC
FORQUILHINHA 3 ;SÃO JOSÉSC
FORTALEZA      ;BLUMENAUSC
FOZ DO IGUACU  ;SC
FRAGOSOS 1     ;CONCÓRDIASC
FRAGOSOS 2     ;CAMPO ALEGRESC
FRAIBURGO      ;FRAIBURGOSC
FRANCIOSE      ;ARROIO TRINTASC
FREDERICO WESTP;SC
FREI ROGERIO   ;FREI ROGÉRIOSC
FUNDO DO CAMPO ;OTACÍLIO COSTASC
FUNDOS AURORA  ;AURORASC
GABIROBA 1     ;ITUPORANGASC
GABIROBA 2     ;SÃO MARTINHOSC
GALERA         ;CANELINHASC
GALVAO         ;GALVÃOSC
GAMBOA         ;PAULO LOPESSC
GAROPABA       ;GAROPABASC
GAROPABA DO SUL;JAGUARUNASC
GARUVA         ;GARUVASC
GARUVA 2       ;SOMBRIOSC
GASPAR         ;GASPARSC
GASPAR ALTO    ;GASPARSC
GASPAR(BATEIAS);GASPARSC
GNADENTAL      ;WITMARSUMSC
GODOFREDO      ;ARAQUARISC
GOIABEIRA      ;SÃO JOSÉ DO CERRITOSC
GOV C RAMOS(GF);GOVERNADOR CELSO RAMOSSC
GOV CELSO RAMOS;GOVERNADOR CELSO RAMOSSC
GRAMADINHO     ;SÃO MIGUEL DO OESTESC
GRAMADO 1      ;LAGESSC
GRAMADO 2      ;PAPANDUVASC
GRAMADO 3      ;RIO DO CAMPOSC
GRAMADO 4      ;ÁGUAS DE CHAPECÓSC
GRAMADO 5      ;VIDEIRASC
GRAMADO IZIDROS;TANGARÁSC
GRAMADO LEITE  ;IBICARÉSC
GRAMADO SANTOS ;TANGARÁSC
GRAO PARA      ;GRÃO PARÁSC
GRAPIA         ;PARAÍSOSC
GRAVATA 1      ;PENHASC
GRAVATAL       ;GRAVATALSC
GUABIRUBA      ;GUABIRUBASC
GUAIRA PR      ;SC
GUARACIABA     ;GUARACIABASC
GUARAMIRANGA   ;GUARAMIRIMSC
GUARAMIRIM     ;GUARAMIRIMSC
GUARAMIRIM(FIG);GUARAMIRIMSC
GUARANI        ;PAPANDUVASC
GUARATUBA PR   ;SC
GUARDA 1       ;TUBARÃOSC
GUARDA C(JOMAR);PALHOÇASC
GUARDA CUBATAO ;PALHOÇASC
GUARDA MOR     ;CURITIBANOSSC
GUARITA        ;SOMBRIOSC
GUARUJA DO SUL ;GUARUJÁ DO SULSC
GUATA          ;LAURO MULLERSC
GUATAMBU       ;GUATAMBÚSC
GUATAMBU-CA    ;GUATAMBÚSC
GUATAMBU-TR    ;GUATAMBÚSC
GUATAPAREMA    ;GUARACIABASC
H SANTA INES   ;BALNEÁRIO CAMBORIÚSC
H.OESTE-RUPP   ;HERVAL D'OESTESC
H.OESTE-S.ANT. ;HERVAL D'OESTESC
H.OESTE-V.MAUR.;HERVAL D'OESTESC
H.OESTE-V.RICA ;HERVAL D'OESTESC
H.OESTE-ZANELA ;HERVAL D'OESTESC
HERCILIO LUZ   ;ARARANGUÁSC
HERCILIOPOLIS  ;ÁGUA DOCESC
HERVAL DO OESTE;HERVAL D'OESTESC
HERVALZINHO    ;XAXIMSC
HORIZONTE DV   ;ÁGUA DOCESC
HOSP REG S JOSE;SÃO JOSÉSC
HOSP. REGIONAL ;PALHOÇASC
HUMAITA        ;CUNHA PORÃSC
IBIAM          ;IBIAMSC
IBICARE        ;IBICARÉSC
IBICUI         ;CAMPOS NOVOSSC
IBIRAMA        ;IBIRAMASC
ICARA          ;IÇARASC
IDAMAR         ;DIONÍSIO CERQUEIRASC
ILHA GRANDE    ;GRÃO PARÁSC
ILHAS          ;ARARANGUÁSC
ILHOTA         ;ILHOTASC
ILHOTA 2       ;GRAVATALSC
ILHOTINHA      ;GRAVATALSC
ILSE           ;ASCURRASC
IMARUI         ;IMARUÍSC
IMASA          ;CAMPOS NOVOSSC
IMBITUBA       ;IMBITUBASC
IMBUIA         ;IMBUIASC
IMBUIA 2       ;BELA VISTA DO TOLDOSC
INDAIAL        ;INDAIALSC
INDAIAL 3      ;GRAVATALSC
INDIA 2        ;CANELINHASC
INDIOS         ;LAGESSC
INFERNINHO     ;CAMPOS NOVOSSC
IOMERE         ;IOMERÊSC
IPIRA          ;IPIRASC
IPOMEIA        ;RIO DAS ANTASSC
IPORA          ;IPORÃ DO OESTESC
IPORA DO OESTE ;IPORÃ DO OESTESC
IPUACU         ;IPUAÇUSC
IPUMIRIM       ;IPUMIRIMSC
IRACEMINHA     ;IRACEMINHASC
IRAI RS        ;SC
IRAJA          ;MODELOSC
IRAKITAN       ;TANGARÁSC
IRANI          ;IRANISC
IRAPUTA        ;ITAIÓPOLISSC
IRATI          ;IRATISC
IRINEOPOLIS    ;IRINEÓPOLISSC
IRINEU COMELLI ;SÃO JOSÉSC
ITA            ;ITÁSC
ITABERABA      ;NOVA ITABERABASC
ITAIO 1        ;ITAIÓPOLISSC
ITAIOPOLIS     ;ITAIÓPOLISSC
ITAJAI         ;ITAJAÍSC
ITAJAI(P.BRAVA);ITAJAÍSC
ITAJAI/UNIVALI ;ITAJAÍSC
ITAJUBA 1      ;DESCANSOSC
ITAJUBA 2      ;BARRA VELHASC
ITANEMA        ;LAURO MULLERSC
ITAPEMA        ;ITAPEMASC
ITAPIRANGA     ;ITAPIRANGASC
ITAPOA         ;ITAPOÁSC
ITAPOCU        ;ARAQUARISC
ITAQUA         ;PRESIDENTE NEREUSC
ITARARE        ;SÃO JOSÉ DO CERRITOSC
ITINGA         ;ARAQUARISC
ITOPABA        ;ARARANGUÁSC
ITOUPAVA NORTE ;BLUMENAUSC
ITOUPAVA SECA  ;BLUMENAUSC
ITUPORANGA     ;ITUPORANGASC
J C FPOLIS     ;SÃO JOSÉSC
J ELDORADO     ;PALHOÇASC
J EUCALIPTUS   ;PALHOÇASC
J NOVA YORK    ;FORQUILHINHASC
J ZANELLATO    ;SÃO JOSÉSC
JABORA         ;JABORÁSC
JABOTICABA     ;SÃO JOÃO DO OESTESC
JACINTO MACHADO;JACINTO MACHADOSC
JACUTINGA 1    ;IPUMIRIMSC
JACUTINGA 2    ;SÃO CARLOSSC
JAGUARARI      ;SOMBRIOSC
JAGUARUNA      ;JAGUARUNASC
JAQUEIRA       ;PALHOÇASC
JAQUEIRA (B.V );PALHOÇASC
JARAGUA DO SUL ;JARAGUÁ DO SULSC
JARARACA       ;ALFREDO WAGNERSC
JARDIM ACACIAS ;SÃO JOSÉSC
JARDIM AQUARIUS;SÃO JOSÉSC
JARDINOPOLIS   ;JARDINÓPOLISSC
JOACABA        ;JOAÇABASC
JOACABA-C.ALTA ;JOAÇABASC
JOACABA-INDUST.;JOAÇABASC
JOACABA-J.EUROP;JOAÇABASC
JOACABA-PEDRINI;JOAÇABASC
JOACABA-SESI   ;JOAÇABASC
JOACABA-STEREZA;JOAÇABASC
JOAO MERENCIA  ;GOVERNADOR CELSO RAMOSSC
JOAO PAULO     ;BOM RETIROSC
JOINVILLE      ;JOINVILLESC
JOINVILLE(EBCT);JOINVILLESC
JORDAO         ;GOVERNADOR CELSO RAMOSSC
JORGE LACERDA  ;DIONÍSIO CERQUEIRASC
JOSE BOITEUX   ;JOSÉ BOITEUXSC
JUNDIA 1       ;RIO DO OESTESC
JUNDIA 2       ;MELEIROSC
JUPIA          ;JUPIÁSC
KM 10          ;TROMBUDO CENTRALSC
KM 107         ;LAURO MULLERSC
KM 11 - SC 302 ;CAÇADORSC
KM 13          ;LAGUNASC
KM 16          ;JOAÇABASC
KM 18 - SC 302 ;CAÇADORSC
KM 25 - SC 302 ;MATOS COSTASC
KM 36 - BR 280 ;JOINVILLESC
KM 37          ;LAGUNASC
KM 40          ;CAÇADORSC
KM 48 - BR 280 ;JOINVILLESC
KM 9           ;MAFRASC
KOBRASOL       ;SÃO JOSÉSC
L APARECIDA    ;PAIALSC
L APARECIDA 1  ;MAREMASC
L D ADELIA     ;SÃO JOSÉSC
L MANUEL VELHO ;DIONÍSIO CERQUEIRASC
L S TEREZINHA  ;PALMA SOLASC
L SANTA ANA    ;DESCANSOSC
L STA TEREZINHA;ÁGUAS DE CHAPECÓSC
L TAQUARI      ;SÃO LOURENÇO DO OESTESC
L TIRADENTES   ;CONCÓRDIASC
L. SAO PAULO 3 ;MARAVILHASC
L.ANNES-DIFIORI;GUATAMBÚSC
LACERDOPOLIS   ;LACERDÓPOLISSC
LAGEADINHO 1   ;LAGESSC
LAGEADINHO 2   ;MONTE CASTELOSC
LAGEADO 1      ;GUABIRUBASC
LAGEADO 2      ;PAPANDUVASC
LAGEADO 3      ;BOTUVERÁSC
LAGEADO 4      ;ITUPORANGASC
LAGEADO 5      ;LAGESSC
LAGEADO 6      ;TREZE DE MAIOSC
LAGEADO CRESC  ;CONCÓRDIASC
LAGEADO FLORES ;MARAVILHASC
LAGEADO GRANDE ;LAJEADO GRANDESC
LAGEADO LISO   ;URUBICISC
LAGEADO MARIANO;PIRATUBASC
LAGES          ;LAGESSC
LAGOA DA ESTIVA;ANITA GARIBALDISC
LAGOA DE FORA  ;SOMBRIOSC
LAGOA SUL      ;BELA VISTA DO TOLDOSC
LAGOA VERMELHA ;SC
LAGOAO         ;ARARANGUÁSC
LAGUNA         ;LAGUNASC
LAJEADINHO     ;MONTE CASTELOSC
LAJEADINHO 2   ;LAGESSC
LAJEADO GRANDE ;LAJEADO GRANDESC
LAJEADO RS     ;SC
LAJU           ;MONDAÍSC
LANCA          ;PORTO UNIÃOSC
LARANJAL       ;JAGUARUNASC
LARANJEIRA     ;GUARACIABASC
LARANJEIRAS    ;LAGUNASC
LAU MELLO      ;FRAIBURGOSC
LAURENTINO     ;LAURENTINOSC
LAURO MULLER   ;LAURO MULLERSC
LAVATUDO DV    ;LAGESSC
LEBON REGIS    ;LEBON RÉGISSC
LEDRA          ;RIO DO OESTESC
LEOBERTO LEAL  ;LEOBERTO LEALSC
LIBERATA       ;FRAIBURGOSC
LIBERDADE      ;DESCANSOSC
LIMEIRA        ;MELEIROSC
LIMOEIRO       ;BRUSQUESC
LINDOIA        ;LINDÓIA DO SULSC
LINDOIA DO SUL ;LINDÓIA DO SULSC
LINGUADO       ;SÃO FRANCISCO DO SULSC
LINHA ALVES    ;ÁGUAS DE CHAPECÓSC
LINHA ALVORADA ;IRACEMINHASC
LINHA AMIZADE  ;CHAPECÓSC
LINHA ANTA     ;CRICIÚMASC
LINHA APARECIDA;VIDEIRASC
LINHA AURORA   ;SÃO JOSÉ DO CERRITOSC
LINHA BATISTA  ;CRICIÚMASC
LINHA BATISTELO;SC
LINHA BECKER   ;ITAPIRANGASC
LINHA BOA FE   ;SALTINHOSC
LINHA BORBOLETA;ITÁSC
LINHA BRASIL   ;PALMA SOLASC
LINHA CACADOR  ;TREZE TÍLIASSC
LINHA CARAVAJO ;CONCÓRDIASC
LINHA CASCAVEL ;CHAPECÓSC
LINHA CENTRAL  ;MARAVILHASC
LINHA CHAPEU   ;SÃO JOÃO DO OESTESC
LINHA COQUEIRO ;ITAPIRANGASC
LINHA CRUZEIRO ;PRINCESASC
LINHA DOM JOSE ;CAXAMBU DO SULSC
LINHA DOURADO  ;ITAPIRANGASC
LINHA ERVEIRA  ;DIONÍSIO CERQUEIRASC
LINHA ESPERAN?A;SANTA TEREZINHA DO PROGRESSOSC
LINHA ESPERANCA;MARAVILHASC
LINHA ESPERANçA;MARAVILHASC
LINHA FATIM    ;VIDEIRASC
LINHA FATIMA   ;ITÁSC
LINHA GARIBALDI;NOVA ITABERABASC
LINHA GRAMAS   ;VARGEÃOSC
LINHA GUABIROBA;PINHALZINHOSC
LINHA INDIOS   ;GUARACIABASC
LINHA JOVENCIA ;SAUDADESSC
LINHA MACHADO  ;PINHALZINHOSC
LINHA MACUCO   ;SÃO JOÃO DO OESTESC
LINHA MAIDANA  ;ÁGUAS DE CHAPECÓSC
LINHA MALDANER ;ÁGUAS DE CHAPECÓSC
LINHA MARIANO  ;VARGEÃOSC
LINHA MARRECAS ;SEARASC
LINHA MIRIM    ;GUARACIABASC
LINHA OURO     ;ANCHIETASC
LINHA PAVAO    ;PAIALSC
LINHA PAVI     ;MARAVILHASC
LINHA PINHAL   ;CONCÓRDIASC
LINHA POPI     ;ITAPIRANGASC
LINHA PROCOPIO ;XANXERÊSC
LINHA S JOAO   ;PALMA SOLASC
LINHA S JOSE   ;PALMA SOLASC
LINHA S PAULO  ;OUROSC
LINHA S PAULO 1;CONCÓRDIASC
LINHA S PAULO 2;QUILOMBOSC
LINHA S PAULO 3;PIRATUBASC
LINHA S PEDRO  ;JACINTO MACHADOSC
LINHA SAGRADO  ;SEARASC
LINHA SECHI    ;SÃO MIGUEL DA BOA VISTASC
LINHA SIQUEIRA ;GUATAMBÚSC
LINHA TARUMA   ;CANOINHASSC
LINHA TIGRE    ;MONDAÍSC
LINHA TOMAZELLI;CHAPECÓSC
LINHA TORRENS  ;MORRO DA FUMAÇASC
LINHA TREVISAN ;SALTINHOSC
LINHA V GRANDE ;PINHALZINHOSC
LINHA VITORIA  ;OUROSC
LINO           ;CAMPO BELO DO SULSC
LOJAS MOELLMANN;BALNEÁRIO CAMBORIÚSC
LOMBA ALTA     ;ALFREDO WAGNERSC
LONTRAS        ;LONTRASSC
LONTRAS(DPAULA);LONTRASSC
LONTRAS/A.SUB. ;LONTRASSC
LONTRAS/CONCORD;LONTRASSC
LONTRAS/R.SALTO;LONTRASSC
LORENZ         ;AGRONÔMICASC
LOT CIRINO     ;SÃO JOSÉSC
LOT LOS ANGELES;SÃO JOSÉSC
LOT ZENAIDE    ;SÃO JOSÉSC
LOURDES 1      ;TANGARÁSC
LOURDES 2      ;ÁGUAS MORNASSC
LUIZ ALVES     ;LUIZ ALVESSC
LUIZ TOLEDO    ;ITAJAÍSC
LUZERNA        ;LUZERNASC
LUZERNA-VKENEDY;LUZERNASC
MACACOS        ;LAGESSC
MACIAMBU       ;PALHOÇASC
MADRE          ;LAGUNASC
MADRI          ;PALHOÇASC
MAE LUZIA      ;CRICIÚMASC
MAFRA          ;MAFRASC
MAIDANA        ;ÁGUAS DE CHAPECÓSC
MAJOR GERCINO  ;MAJOR GERCINOSC
MAJOR VIEIRA   ;MAJOR VIEIRASC
MAMPITUBA      ;URUSSANGASC
MAMPITUBA 1    ;PASSO DE TORRESSC
MANTIQUEIRAS   ;BOM JARDIM DA SERRASC
MARACAJA       ;MARACAJÁSC
MARACUJA       ;PETROLÂNDIASC
MARARI         ;TANGARÁSC
MARATA         ;SÃO DOMINGOSSC
MARAVILHA      ;MARAVILHASC
MAREMA         ;MAREMASC
MARIA PRETA    ;DIONÍSIO CERQUEIRASC
MARIETO        ;TURVOSC
MARIFLOR       ;SÃO JOSÉ DO CEDROSC
MAROMBAS       ;BRUNÓPOLISSC
MASSARANDUBA   ;MASSARANDUBASC
MASSARANDUBINHA;MASSARANDUBASC
MATADOR        ;RIO DO SULSC
MATO FRANCES   ;RANCHO QUEIMADOSC
MATO PRETO     ;SÃO BENTO DO SULSC
MATOS COSTA    ;MATOS COSTASC
MEDEIROS       ;BARRA VELHASC
MEDIANEIRA     ;SC
MEIA PRAIA     ;ITAPEMASC
MEIA SERRA     ;MARAVILHASC
MELEIRO        ;MELEIROSC
MINA ESPERANCA ;SIDERÓPOLISSC
MINA FLUORITA  ;MORRO DA FUMAÇASC
MINA VELHA     ;GARUVASC
MINA VISCONDE  ;MORRO DA FUMAÇASC
MINERACAO      ;IÇARASC
MIRANDA        ;SÃO FRANCISCO DO SULSC
MIRIM 1        ;TAIÓSC
MIRIM 2        ;IMBITUBASC
MIRIM DOCE     ;MIRIM DOCESC
MODELO         ;MODELOSC
MOEMA          ;ITAIÓPOLISSC
MONDAI         ;MONDAÍSC
MONTANDADE     ;LAGESSC
MONTE ALEGRE 1 ;SÃO JOAQUIMSC
MONTE ALEGRE 2 ;CAMBORIÚSC
MONTE CARLO    ;MONTE CARLOSC
MONTE CASTELO  ;MONTE CASTELOSC
MORRETES       ;PALHOÇASC
MORRETES(ABARD);PALHOÇASC
MORRO BONITO   ;JAGUARUNASC
MORRO COMPRIDO ;CRICIÚMASC
MORRO DA FUMACA;MORRO DA FUMAÇASC
MORRO DO CHAPEU;CAMPO BELO DO SULSC
MORRO DO CIPO  ;SOMBRIOSC
MORRO DO DEZ   ;CAMPOS NOVOSSC
MORRO GRANDE 1 ;MELEIROSC
MORRO GRANDE 3 ;JAGUARUNASC
MORRO PIRITU   ;ARARANGUÁSC
MORRO REUTER   ;AGRONÔMICASC
MORRO RIO GALO ;URUSSANGASC
MORRO SERAFIM  ;LUIZ ALVESSC
MOSQUITO       ;AGRONÔMICASC
MOURA          ;CANELINHASC
MUNDO NOVO 1   ;SANTA TEREZINHA DO PROGRESSOSC
N ESPERANCA    ;TIMBÉ DO SULSC
N S DOS CAMPOS ;SIDERÓPOLISSC
NAVEGANTES     ;NAVEGANTESSC
NAVEGANTES-MACH;NAVEGANTESSC
NEREU RAMOS 2  ;JARAGUÁ DO SULSC
NESTOR         ;ITAIÓPOLISSC
NIELSEN CENTRAL;INDAIALSC
NONOAI RS      ;SC
NOVA BRASILIA  ;IMBITUBASC
NOVA BRASILIA 1;MARAVILHASC
NOVA CULTURA   ;PAPANDUVASC
NOVA DESCOBERTA;TIJUCASSC
NOVA ERECHIM   ;NOVA ERECHIMSC
NOVA ESPERANCA3;DONA EMMASC
NOVA FATIMA    ;SANTA ROSA DE LIMASC
NOVA ITABERABA ;NOVA ITABERABASC
NOVA ITALIA    ;AURORASC
NOVA PETROPOLIS;JOAÇABASC
NOVA RODEIO    ;BENEDITO NOVOSC
NOVA ROMA      ;MELEIROSC
NOVA TEOTONIA  ;SEARASC
NOVA TRENTO    ;NOVA TRENTOSC
NOVA VENEZA    ;NOVA VENEZASC
NOVO CERRO AZUL;PALMA SOLASC
NOVO ENCANTADO ;BANDEIRANTESC
NOVO HORIZONTE ;NOVO HORIZONTESC
NOVO HORIZONTE2;SOMBRIOSC
NOVO SARANDI   ;SÃO JOSÉ DO CEDROSC
OLEO GRANDE    ;ITAJAÍSC
OLHO D AGUA    ;JAGUARUNASC
ORATORIO       ;ORLEANSSC
ORLEANS        ;ORLEANSSC
OSORIO - RS    ;SC
OTACILIO COSTA ;OTACÍLIO COSTASC
OURINHOS       ;VIDAL RAMOSSC
OURO           ;OUROSC
OURO 2         ;ROMELÂNDIASC
OURO NEGRO     ;FORQUILHINHASC
OURO VERDE     ;ABELARDO LUZSC
OURO VERDE 1   ;GUARACIABASC
OURO VERDE 2   ;BELA VISTA DO TOLDOSC
P ALTA NORTE   ;PONTE ALTA DO NORTESC
P CHAPECOZINHO1;MAREMASC
P DE JAGUARUNA ;JAGUARUNASC
P DO RIO IRANI ;CHAPECÓSC
P DUQUE CAXIAS ;IBIRAMASC
P. HERCILIO LUZ;FLORIANÓPOLISSC
PACHECOS       ;PALHOÇASC
PADRE REUS     ;SÃO JOSÉ DO CEDROSC
PAIAL          ;PAIALSC
PAIAL-PINHEIR. ;PAIALSC
PAINEL         ;PAINELSC
PAIOL DE BARRO ;ENTRE RIOSSC
PAIOL VELHO    ;ÁGUA DOCESC
PALERMO        ;LAURO MULLERSC
PALHOCA        ;PALHOÇASC
PALHOCA/UNISUL ;PALHOÇASC
PALHOCINHA     ;TROMBUDO CENTRALSC
PALMA SOLA     ;PALMA SOLASC
PALMAS         ;GOVERNADOR CELSO RAMOSSC
PALMEIRA       ;PALMEIRASC
PALMEIRA 1     ;XAVANTINASC
PALMEIRA MEIO  ;URUSSANGASC
PALMITAL       ;GARUVASC
PALMITOS       ;PALMITOSSC
PALUDO         ;CAMPO ERÊSC
PALUDO/CALDATO ;CAMPO ERÊSC
PAPANDUVA      ;PAPANDUVASC
PARADA         ;LEOBERTO LEALSC
PARAGUASSU     ;ITAIÓPOLISSC
PARAISO        ;PARAÍSOSC
PARAISO DV INT.;PARAÍSOSC
PARAISO PONEIS ;GASPARSC
PARANAGUA PR   ;SC
PAROBE         ;LAGUNASC
PAS CANOAS     ;ANITA GARIBALDISC
PAS FELICIDADE ;VIDEIRASC
PAS FERRAZ     ;BOM JESUSSC
PAS MANSO 1    ;TAIÓSC
PAS MANSO 2    ;INDAIALSC
PASSA VINTE    ;PALHOÇASC
PASSAGEM BARRA ;LAGUNASC
PASSARINHOS    ;PALMITOSSC
PASSO BORMANN  ;CHAPECÓSC
PASSO DAS ANTAS;ABELARDO LUZSC
PASSO DE TORRES;PASSO DE TORRESSC
PASSO FUNDO RS ;SC
PASSO RAIZ     ;FRAIBURGOSC
PASSOS MAIA    ;PASSOS MAIASC
PASTAGEM       ;AGRONÔMICASC
PATO BRANCO PR ;SC
PAULO LOPES    ;PAULO LOPESSC
PAULO RAMOS    ;LAGESSC
PAULON         ;OTACÍLIO COSTASC
PE DA SERRA    ;TIMBÉ DO SULSC
PEDRA BRANCA   ;PALHOÇASC
PEDRA BRANCA 1 ;FLOR DO SERTÃOSC
PEDRA DE AMOLAR;ILHOTASC
PEDRAS BRANCAS ;LAGESSC
PEDRAS GRANDES ;PEDRAS GRANDESSC
PEDREIRAS 2    ;NAVEGANTESSC
PEDRINHAS      ;PEDRAS GRANDESSC
PENHA          ;PENHASC
PENHA 2        ;PAULO LOPESSC
PERAL FLORES   ;XANXERÊSC
PEREQUE        ;PORTO BELOSC
PERICO         ;SÃO JOAQUIMSC
PERITIBA       ;PERITIBASC
PEROBA         ;SOMBRIOSC
PESCARIA BRAVA ;LAGUNASC
PESSEGUEIRO 1  ;NOVA ITABERABASC
PETROLANDIA    ;PETROLÂNDIASC
PICADAS DO SUL ;SÃO JOSÉSC
PICARRAS       ;BALNEÁRIO PIÇARRASSC
PINDOTIBA      ;ORLEANSSC
PINHAL         ;RIO DOS CEDROSSC
PINHALZINHO    ;PINHALZINHOSC
PINHALZINHO 2  ;PAPANDUVASC
PINHALZINHO 4  ;MIRIM DOCESC
PINHEIRA       ;PALHOÇASC
PINHEIRAL 1    ;MAJOR GERCINOSC
PINHEIRINHO    ;ROMELÂNDIASC
PINHEIRO BAIXO ;JACINTO MACHADOSC
PINHEIRO MEIO 1;OUROSC
PINHEIRO MEIO 2;JACINTO MACHADOSC
PINHEIRO PRETO ;PINHEIRO PRETOSC
PINHEIROS 1    ;CANOINHASSC
PINHEIROS 2    ;TUBARÃOSC
PINTADINHO     ;PORTO UNIÃOSC
PINTANGUEIRAS  ;ITAPIRANGASC
PIRABEIRABA    ;JOINVILLESC
PIRATUBA       ;PIRATUBASC
PIURRAS        ;BOCAINA DO SULSC
PIZATTO        ;CAMPOS NOVOSSC
PLACA          ;CAMPOS NOVOSSC
PLAN AURORA    ;AURORASC
PLANALTO       ;CONCÓRDIASC
PLANALTO ALEGRE;PLANALTO ALEGRESC
PLATANEIA      ;NOVO HORIZONTESC
POCINHO 1      ;RIO NEGRINHOSC
POCO FUNDO     ;SANTO AMARO DA IMPERATRIZSC
POCO GRANDE 1  ;GASPARSC
POCO GRANDE 2  ;ARAQUARISC
POCO GRANDE 3  ;GUARAMIRIMSC
POCO PARADO    ;SÃO MIGUEL DA BOA VISTASC
POCO PRETO     ;IRINEÓPOLISSC
POCO REDONDO   ;PAIALSC
POCO RICO      ;SÃO MIGUEL DA BOA VISTASC
POCO SECO      ;PINHALZINHOSC
POCO VERDE     ;MELEIROSC
POCOS          ;JAGUARUNASC
POMBINHAS      ;POUSO REDONDOSC
POMERANIA      ;GUABIRUBASC
POMERANOS      ;TIMBÓSC
POMERANOS CENTR;RIO DOS CEDROSSC
POMERODE       ;POMERODESC
PONTA DE BAIXO ;SÃO JOSÉSC
PONTAL 3       ;ITAPOÁSC
PONTE 1        ;ARARANGUÁSC
PONTE 2        ;NAVEGANTESSC
PONTE ALTA     ;PONTE ALTASC
PONTE ALTA SUL ;PONTE ALTASC
PONTE BAIXA    ;SÃO LUDGEROSC
PONTE DO PIRAI ;JOINVILLESC
PONTE INVERN DV;JOAÇABASC
PONTE ITAPERIU ;BARRA VELHASC
PONTE ITAPOCU  ;BARRA VELHASC
PONTE JACUTINGA;IRANISC
PONTE MAROMBAS ;CURITIBANOSSC
PONTE MARUIM   ;PALHOÇASC
PONTE R ENGANO ;SEARASC
PONTE RIO CEDRO;CRICIÚMASC
PONTE RUTHES   ;ITAIÓPOLISSC
PONTE SERRADA  ;PONTE SERRADASC
PORTO ALEGRE   ;SC
PORTO BELO     ;PORTO BELOSC
PORTO CHALANA  ;GUATAMBÚSC
PORTO ESPUMA   ;NOVA ITABERABASC
PORTO FERREIRA ;ÁGUAS DE CHAPECÓSC
PORTO GRANDE   ;ARAQUARISC
PORTO UNIAO    ;PORTO UNIÃOSC
PORTOES        ;ANITA GARIBALDISC
POSTO A FORMIGA;PALHOÇASC
POSTO DO VINHO ;CORREIA PINTOSC
POSTO FISCAL   ;PORTO UNIÃOSC
POSTO INDIGENA ;IPUAÇUSC
POSTO SANTIAGO ;LAGUNASC
POSTO VERONESE ;CAÇADORSC
POTECAS        ;SÃO JOSÉSC
POUSO ALTO     ;GRAVATALSC
POUSO REDONDO  ;POUSO REDONDOSC
POVOAMENTO     ;ANITÁPOLISSC
PRADO          ;BIGUAÇUSC
PRAIA CACAMBA  ;BALNEÁRIO ARROIO DO SILVASC
PRAIA COMPRIDA ;SÃO JOSÉSC
PRAIA DE FORA  ;PALHOÇASC
PRAIA DO ERVINO;SÃO FRANCISCO DO SULSC
PRAIA DO ROSA  ;IMBITUBASC
PRAIA DO SONHO ;PALHOÇASC
PRAIA FERRUGEM ;GAROPABASC
PRAIA GRANDE   ;PRAIA GRANDESC
PRAIA GRANDE 1 ;PENHASC
PRAIA ITAPIRUBA;IMBITUBASC
PRAIA PINHEIRA ;PALHOÇASC
PRAINHA        ;SÃO FRANCISCO DO SULSC
PRATA          ;BANDEIRANTESC
PRATINHA       ;PAPANDUVASC
PRES C BRANCO  ;PRESIDENTE CASTELLO BRANCOSC
PRES GETULIO   ;PRESIDENTE GETÚLIOSC
PRES NEREU     ;PRESIDENTE NEREUSC
PRIMEIRO BRACO ;MASSARANDUBASC
PRINCESA       ;PRINCESASC
PUTINGA        ;IPIRASC
QUARTA LINHA   ;CRICIÚMASC
QUECABA        ;ÁGUAS MORNASSC
QUILOMBO       ;QUILOMBOSC
QUILOMBO 1     ;SÃO JOSÉSC
R CEDRO MEDIO  ;NOVA VENEZASC
R S T PROGRESSO;MARAVILHASC
R.D`OESTE (ANG);RIO DO OESTESC
RAN QUEIMADO 2 ;HERVAL D'OESTESC
RAN QUEIMADO 3 ;TURVOSC
RANCHO DO BUGRE;PEDRAS GRANDESSC
RANCHO GRANDE  ;CONCÓRDIASC
RANCHO QUEIMADO;RANCHO QUEIMADOSC
REALEZA PR     ;SC
RESID FUCK     ;MONTE CASTELOSC
RETIRO DA UNIAO;SOMBRIOSC
RIACHO 1       ;JAGUARUNASC
RIACHO 2       ;GRAVATALSC
RIACHUELO      ;LONTRASSC
RIB BOM JESUS  ;TAIÓSC
RIB DA CACA    ;MIRIM DOCESC
RIB DA LAGOA   ;MASSARANDUBASC
RIB DAS ERVAS  ;TAIÓSC
RIB DO OURO 2  ;BOTUVERÁSC
RIB GRANDE     ;LAGUNASC
RIB MATILDE    ;ATALANTASC
RIB SALTO 1    ;LONTRASSC
RIB SALTO 2    ;BARRA VELHASC
RIB. FAXINAL   ;VITOR MEIRELESSC
RIBEIRAO       ;IMARUÍSC
RIBEIRAO STREY ;AURORASC
RINCAO TORCIDO ;ABELARDO LUZSC
RIO AMELIA     ;RIO FORTUNASC
RIO ANTAS 1 DV ;SÃO MIGUEL DO OESTESC
RIO ANTAS 2 DV ;GUARACIABASC
RIO ANTAS 3    ;SANTA TEREZINHASC
RIO ANTINHAS   ;PETROLÂNDIASC
RIO AREIA CIMA1;BELA VISTA DO TOLDOSC
RIO AZUL       ;LINDÓIA DO SULSC
RIO B GRANDE   ;LEOBERTO LEALSC
RIO BONITO     ;JOINVILLESC
RIO BONITO 2   ;BRAÇO DO NORTESC
RIO BONITO 3   ;CAMPOS NOVOSSC
RIO BONITO 4   ;ÁGUAS DE CHAPECÓSC
RIO BONITO 5   ;SANTA CECÍLIASC
RIO BONITO 6   ;CAXAMBU DO SULSC
RIO BONITO 8   ;BELA VISTA DO TOLDOSC
RIO BRANCO     ;ANITÁPOLISSC
RIO BRANCO 1   ;GUARAMIRIMSC
RIO BRANCO 2   ;MAFRASC
RIO BRAVO      ;RIO FORTUNASC
RIO BRUNO      ;VITOR MEIRELESSC
RIO CAETE ALTO ;URUSSANGASC
RIO CANOAS 1 DV;CAMPOS NOVOSSC
RIO CANOAS 2 DV;CORREIA PINTOSC
RIO CARVAO     ;URUSSANGASC
RIO CASTELHANO ;CAÇADORSC
RIO CEDRO 1 DV ;MELEIROSC
RIO CHAPECO 1  ;CHAPECÓSC
RIO CHAPECO 2  ;CORONEL FREITASSC
RIO DA AREIA   ;CANOINHASSC
RIO DA PRATA   ;IBIRAMASC
RIO DA PRATA 2 ;RIO DO CAMPOSC
RIO DA VARGEM 1;CAMPOS NOVOSSC
RIO DA VARGEM 2;TAIÓSC
RIO DAS ANTAS  ;RIO DAS ANTASSC
RIO DAS ANTAS 1;ITAIÓPOLISSC
RIO DAS ANTAS 2;RANCHO QUEIMADOSC
RIO DAS PEDRAS ;VIDEIRASC
RIO DE TRAZ    ;POUSO REDONDOSC
RIO DO CAMPO   ;RIO DO CAMPOSC
RIO DO OESTE   ;RIO DO OESTESC
RIO DO PEIXE   ;LUIZ ALVESSC
RIO DO POUSO   ;TUBARÃOSC
RIO DO SALTO 2 ;TAIÓSC
RIO DO SUL     ;RIO DO SULSC
RIO DO TIGRE   ;URUBICISC
RIO DORIA      ;SIDERÓPOLISSC
RIO DOS ANJOS  ;ARARANGUÁSC
RIO DOS BUGRES ;ITUPORANGASC
RIO DOS CEDROS ;RIO DOS CEDROSSC
RIO DOS CEDROS2;ÁGUAS MORNASSC
RIO DOS PARDOS ;CANOINHASSC
RIO DOS PATOS  ;LEBON RÉGISSC
RIO DOS POCOS  ;BELA VISTA DO TOLDOSC
RIO DOS TOUROS ;PAINELSC
RIO DUNA       ;IMARUÍSC
RIO ESPERANCA  ;RIO DOS CEDROSSC
RIO FORTUNA    ;RIO FORTUNASC
RIO GRANDE     ;MONTE CASTELOSC
RIO HERTA      ;RIO DOS CEDROSSC
RIO KRISEMBACK ;JOSÉ BOITEUXSC
RIO LEAO       ;CAMPOS NOVOSSC
RIO MAIOR      ;URUSSANGASC
RIO MANDIOCA   ;SÃO BENTO DO SULSC
RIO NEGRINHO   ;RIO NEGRINHOSC
RIO NEGRO PR   ;SC
RIO NOVO 1     ;BALNEÁRIO GAIVOTASC
RIO NOVO 2     ;INDAIALSC
RIO NOVO 3     ;ÁGUAS MORNASSC
RIO NOVO 4     ;LUIZ ALVESSC
RIO NOVO 5     ;AGROLÂNDIASC
RIO NOVO 6     ;ANGELINASC
RIO PASSA DOIS ;SANTA CECÍLIASC
RIO PEDRAS     ;TAIÓSC
RIO PEDRAS 2   ;VIDEIRASC
RIO PEDRAS 4   ;LEOBERTO LEALSC
RIO PEQUENO    ;CAMBORIÚSC
RIO PEQUENO 2  ;GRÃO PARÁSC
RIO PRETO 1    ;MAFRASC
RIO PRETO 2    ;MATOS COSTASC
RIO ROBERTO DV ;LEBON RÉGISSC
RIO RUFINO     ;URUBICISC
RIO S JOAO     ;SÃO MARTINHOSC
RIO S LOURENCO ;MAFRASC
RIO SARGENTO   ;MARAVILHASC
RIO SETE       ;SÃO MARTINHOSC
RIO VARGEDO    ;TREZE DE MAIOSC
RIO WALTRICK   ;RIO DO CAMPOSC
RIO WIGAND     ;JOSÉ BOITEUXSC
RIO WILDI      ;SALETESC
RIQUEZA        ;RIQUEZASC
ROCA GRANDE    ;IMBITUBASC
ROCADO         ;SÃO JOSÉSC
ROCINHA        ;TIMBÉ DO SULSC
RODEIO 50      ;RODEIOSC
RODEIO 90 SEDE ;RODEIOSC
RODEIO DAREIA  ;TURVOSC
RODEIOZINHO    ;PAPANDUVASC
ROMELANDIA     ;ROMELÂNDIASC
RONDINHA       ;VIDEIRASC
ROSA DO MAR    ;SÃO JOÃO DO SULSC
RUA QUILOMBO   ;SÃO JOSÉSC
RUA S ANTONIO  ;SÃO JOSÉSC
S A IMPERATRIZ ;SANTO AMARO DA IMPERATRIZSC
S ANA          ;TANGARÁSC
S ANGELO       ;DIONÍSIO CERQUEIRASC
S ANTONIO 1    ;SÃO BONIFÁCIOSC
S ANTONIO 10   ;TAIÓSC
S ANTONIO 2 DV ;ARROIO TRINTASC
S ANTONIO 4    ;ANITA GARIBALDISC
S ANTONIO 5    ;BARRA VELHASC
S ANTONIO 6    ;INDAIALSC
S ANTONIO 7    ;SÃO JOSÉ DO CERRITOSC
S ANTONIO 8    ;CONCÓRDIASC
S ANTONIO 9    ;ITAPIRANGASC
S APOLONIA     ;JAGUARUNASC
S BELA VISTA   ;SÃO LOURENÇO DO OESTESC
S BENTO BAIXO  ;NOVA VENEZASC
S BENTO DO SUL ;SÃO BENTO DO SULSC
S BERNARDINO   ;SÃO BERNARDINOSC
S BONIFACIO    ;SÃO BONIFÁCIOSC
S BONIFACIO 3  ;NOVA VENEZASC
S BRAS         ;SÃO DOMINGOSSC
S C ITAGUACU   ;SÃO JOSÉSC
S CATARINA 1   ;CAMPOS NOVOSSC
S CATARINA 3   ;TANGARÁSC
S CATARINA 4   ;VARGEÃOSC
S CATARINA 5   ;ARARANGUÁSC
S CLARA 1      ;SÃO CARLOSSC
S CLARA 2      ;JOAÇABASC
S CLARA 3      ;ORLEANSSC
S CRISTOVAO 1  ;TUBARÃOSC
S CRISTOVAO 2  ;TRÊS BARRASSC
S CRISTOVAO 3  ;ARMAZÉMSC
S CRISTOVAO SUL;SÃO CRISTOVÃO DO SULSC
S CRUZ 1       ;BARRA VELHASC
S CRUZ 2       ;FORQUILHINHASC
S CRUZ 3       ;ITÁSC
S EXPEDITO     ;SÃO MIGUEL DO OESTESC
S FE           ;DIONÍSIO CERQUEIRASC
S FILOMENA     ;SÃO PEDRO DE ALCÂNTARASC
S FRAIATA      ;TANGARÁSC
S FRANCISCO 1  ;SÃO BONIFÁCIOSC
S FRANCISCO 3  ;NOVA VENEZASC
S FRANCISCO 4  ;XANXERÊSC
S FRANCISCO SUL;SÃO FRANCISCO DO SULSC
S GABRIEL      ;TREZE DE MAIOSC
S HELENA 1     ;SANTA HELENASC
S HELENA 2     ;JABORÁSC
S ISABEL       ;ÁGUAS MORNASSC
S IZABEL 1     ;FORQUILHINHASC
S J ARMAZEM 2  ;ARMAZÉMSC
S J DO CERRITO ;SÃO JOSÉ DO CERRITOSC
S J DO ITAPERIU;SÃO JOÃO DO ITAPERIÚSC
S JOAO 1       ;PAPANDUVASC
S JOAO 4       ;TUBARÃOSC
S JOAO 5       ;SÃO CARLOSSC
S JOAO BATISTA ;SÃO JOÃO BATISTASC
S JOAO DO OESTE;SÃO JOÃO DO OESTESC
S JOAO DO SUL  ;SÃO JOÃO DO SULSC
S JORGE 2      ;INDAIALSC
S JOSE 1(A.IND);SÃO JOSÉSC
S JOSE 12      ;PAIALSC
S JOSE 3       ;PAPANDUVASC
S JOSE 5       ;RIO DOS CEDROSSC
S JOSE 6       ;CONCÓRDIASC
S JOSE DO CEDRO;SÃO JOSÉ DO CEDROSC
S JUDAS TADEU  ;BARRA BONITASC
S LEONARDO     ;ALFREDO WAGNERSC
S LOURENCO OEST;SÃO LOURENÇO DO OESTESC
S LUCIA        ;SEARASC
S LUCIA 3      ;JABORÁSC
S LUDGERO      ;SÃO LUDGEROSC
S LUIZ 1       ;TAIÓSC
S LUIZ 3       ;MELEIROSC
S LUZIA 1      ;JARAGUÁ DO SULSC
S LUZIA 2      ;TIJUCASSC
S LUZIA 3      ;CRICIÚMASC
S LUZIA 5      ;ABDON BATISTASC
S M BAIXO      ;TUBARÃOSC
S M BOA VISTA  ;SÃO MIGUEL DA BOA VISTASC
S MARIA 2      ;ANTÔNIO CARLOSSC
S MARIA 3      ;SÃO BONIFÁCIOSC
S MARIA 4      ;BENEDITO NOVOSC
S MARIA 5      ;RIO DO CAMPOSC
S MARTINHO     ;SÃO MARTINHOSC
S MATEUS SUL PR;SC
S MAURICIO     ;BRAÇO DO NORTESC
S MIGUEL 1     ;GUARAMIRIMSC
S MIGUEL 2     ;CAMPO ALEGRESC
S MIGUEL 3     ;PORTO UNIÃOSC
S MIGUEL 4     ;BIGUAÇUSC
S MIGUEL OESTE ;SÃO MIGUEL DO OESTESC
S NICOLAU      ;NAVEGANTESSC
S P ALCANTARA  ;SÃO PEDRO DE ALCÂNTARASC
S P ALCANTARA 1;GUARAMIRIMSC
S P ALCANTARA 2;SC
S PEDRO 1      ;ANITA GARIBALDISC
S PEDRO 2      ;ITAIÓPOLISSC
S PEDRO 4      ;GUABIRUBASC
S PEDRO 5      ;CAÇADORSC
S PEDRO 6      ;URUSSANGASC
S PEDRO 7      ;ITAPIRANGASC
S PEDRO 8      ;FORQUILHINHASC
S PEDRO 9      ;SÃO MIGUEL DO OESTESC
S PEDRO DV     ;BRUSQUESC
S R DOLMANN    ;IBIRAMASC
S RAFAEL       ;IPUMIRIMSC
S RITA 1       ;SÃO MIGUEL DO OESTESC
S RITA 2       ;SÃO JOAQUIMSC
S RITA 3       ;VARGEMSC
S ROQUE 3      ;GRAVATALSC
S ROQUE 5      ;SÃO LOURENÇO DO OESTESC
S ROQUE 6      ;CHAPECÓSC
S ROQUE 9      ;ABDON BATISTASC
S ROSA 1       ;INDAIALSC
S ROSA 2       ;SOMBRIOSC
S ROSA DE LIMA ;SANTA ROSA DE LIMASC
S ROSA DO SUL  ;SANTA ROSA DO SULSC
S SEBASTIAO 1  ;PALHOÇASC
S SEBASTIAO 2  ;TREZE DE MAIOSC
S T PROGRESSO  ;SANTA TEREZINHA DO PROGRESSOSC
S TEREZA       ;SÃO PEDRO DE ALCÂNTARASC
S TEREZINHA 3  ;LAGESSC
S TEREZINHA 5  ;ITAIÓPOLISSC
S TEREZINHA 8  ;FORQUILHINHASC
S TEREZINHA 9  ;SÃO JOSÉ DO CEDROSC
S TOMAZ        ;IMARUÍSC
S VALENTIM 1   ;SÃO LOURENÇO DO OESTESC
S VALENTIM SUL ;DESCANSOSC
S. BARBARA     ;CAMPOS NOVOSSC
S.T. PROGRESSO ;SANTA TEREZINHA DO PROGRESSOSC
SAI MIRIM      ;GARUVASC
SALAO          ;INDAIALSC
SALETE         ;ROMELÂNDIASC
SALGADO        ;IPUMIRIMSC
SALSEIRO       ;CANOINHASSC
SALSEIRO 2     ;VIDAL RAMOSSC
SALTINHO       ;SALTINHOSC
SALTINHO 1     ;CAMPO ALEGRESC
SALTO CANOINHAS;MAJOR VIEIRASC
SALTO CORRENTE ;FREI ROGÉRIOSC
SALTO VELOSO   ;SALTO VELOSOSC
SALTO WEISSBACK;BLUMENAUSC
SAMBURA        ;IPUAÇUSC
SANGA DA AREIA ;ARARANGUÁSC
SANGA DA TOCA  ;ARARANGUÁSC
SANGA DAREIA 2 ;GRAVATALSC
SANGA DAREIA 4 ;JACINTO MACHADOSC
SANGA DO CAFE  ;FORQUILHINHASC
SANGA ENGENHO  ;CRICIÚMASC
SANGA GRANDE   ;MELEIROSC
SANGAO         ;CRICIÚMASC
SANGAO 2       ;JAGUARUNASC
SANGAO 3       ;JAGUARUNASC
SANGAO(C.ALTA) ;CRICIÚMASC
SANTA CATARINA ;ÁGUA DOCESC
SANTA CECILIA  ;SANTA CECÍLIASC
SANTA FE BAIXA ;ITAPIRANGASC
SANTA INES     ;BALNEÁRIO CAMBORIÚSC
SANTA LIBERA   ;CRICIÚMASC
SANTA LUCIA 3  ;CAPIVARI DE BAIXOSC
SANTA LUZIA    ;CRICIÚMASC
SANTA RITA     ;SÃO JOAQUIMSC
SANTA TEREZINHA;FORQUILHINHASC
SANTANA 1      ;ITUPORANGASC
SANTANA 2      ;URUSSANGASC
SANTANA 3      ;SÃO LOURENÇO DO OESTESC
SANTIAGO       ;SANTIAGO DO SULSC
SANTIAGO DO SUL;SANTIAGO DO SULSC
SANTO ANTONIO  ;ÁGUA DOCESC
SAO BERNARDINO ;SÃO BERNARDINOSC
SAO BONIFACIO  ;SÃO BONIFÁCIOSC
SAO CARLOS     ;SÃO CARLOSSC
SAO DOMINGOS   ;SÃO DOMINGOSSC
SAO JOAO       ;TRÊS BARRASSC
SAO JOAO 7     ;IPUAÇUSC
SAO JOAO 8     ;ALTO BELA VISTASC
SAO JOAQUIM    ;SÃO JOAQUIMSC
SAO JOSE       ;SÃO JOSÉSC
SAO JOSE 12    ;NOVA ERECHIMSC
SAO JOSE-ROCADO;SÃO JOSÉSC
SAO LUDGERO    ;SÃO LUDGEROSC
SAO MARTINHO   ;SÃO MARTINHOSC
SAO ROQUE 10   ;VARGEMSC
SAO SEBASTIAO  ;PALHOÇASC
SAO SEBASTIAO 3;BELA VISTA DO TOLDOSC
SAPIRANGA      ;MELEIROSC
SAUDADES       ;SAUDADESSC
SCHLATTER      ;AGRONÔMICASC
SCHROEDER      ;SCHROEDERSC
SCHROEDER(R B) ;SCHROEDERSC
SEARA          ;SEARASC
SEDE BELEM     ;HERVAL D'OESTESC
SEDE CAPELA    ;ITAPIRANGASC
SEDE D ALICE   ;TANGARÁSC
SEDE FIGUEIRA  ;CHAPECÓSC
SEDE FLORES    ;GUARACIABASC
SEDE RIBEIRAO  ;VARGEÃOSC
SEDE SARANDI   ;HERVAL D'OESTESC
SEDE TRENTIM   ;CHAPECÓSC
SEDE UNIDAS    ;DIONÍSIO CERQUEIRASC
SER GUGELMIN   ;OTACÍLIO COSTASC
SERRA ALTA     ;SERRA ALTASC
SERRA CAMBARA  ;WITMARSUMSC
SERRA DA ABELHA;VITOR MEIRELESSC
SERRA DA PEDRA ;JACINTO MACHADOSC
SERRA DOS PIRES;CURITIBANOSSC
SERRA GRANDE   ;PETROLÂNDIASC
SERRA ILHEUS   ;POUSO REDONDOSC
SERRA LUCINDO 1;BELA VISTA DO TOLDOSC
SERRA MIRADOR  ;RIO DO CAMPOSC
SERRA MORTES   ;CANOINHASSC
SERRA S. MIGUEL;INDAIALSC
SERRADO        ;PONTE ALTASC
SERRARIA BACCIN;IPUAÇUSC
SERRARIA ZARDO ;SALTO VELOSOSC
SERRIL         ;TROMBUDO CENTRALSC
SERRINHA       ;AGRONÔMICASC
SERRINHA 2     ;IPUMIRIMSC
SERRINHA 3     ;JOSÉ BOITEUXSC
SERTAO ESTIVA  ;GRAVATALSC
SERTAO MARUIM  ;SÃO JOSÉSC
SERTAO MEDEIROS;GRAVATALSC
SERTAO TROMBUDO;ITAPEMASC
SERTAO(UNIVALI);SÃO JOSÉSC
SIDEROPOLIS    ;SIDERÓPOLISSC
SILO           ;CAPINZALSC
SILVIO PIZOLLO ;JACINTO MACHADOSC
SIQUEIRO       ;PESCARIA BRAVASC
SIRIU          ;GAROPABASC
SITIO NOVO     ;IMARUÍSC
SOARES         ;TURVOSC
SOL NASCENTE   ;GARUVASC
SOLEDADE       ;ITAPIRANGASC
SOMBRIO        ;SOMBRIOSC
SOROCABA       ;BIGUAÇUSC
STREIT         ;GUARAMIRIMSC
SUBIDA         ;INDAIALSC
SUL BRASIL     ;SUL BRASILSC
SUMIDOR        ;SANTA CECÍLIASC
SURUVI         ;CONCÓRDIASC
T BARRAS (B.GR);TRÊS BARRASSC
T BARREIROS    ;SÃO JOSÉSC
T BR 101/BR 486;ITAJAÍSC
T BR 116/SC 419;ITAIÓPOLISSC
T BR 153/BR 282;IRANISC
T BR 282/SC 468;CHAPECÓSC
T BR 470/BR 116;CURITIBANOSSC
T BR 470/SC 425;PONTE ALTASC
T BR-280/SC-301;ARAQUARISC
T BR282 VARGEAO;VARGEÃOSC
T E VELHO BR282;ERVAL VELHOSC
T GUATAMBU     ;CHAPECÓSC
T IRACEMINHA   ;MARAVILHASC
T ITA/BR 283   ;ITÁSC
T PALHOCA      ;PALHOÇASC
T PALMA SOLA   ;PALMA SOLASC
T PINHEIRINHO  ;CRICIÚMASC
T R IRACEMINHA ;IRACEMINHASC
T S JOSE       ;SÃO JOSÉSC
T SC 451/BR 153;ÁGUA DOCESC
T SC-302/BR-470;AGRONÔMICASC
T SC-413/BR-280;GUARAMIRIMSC
T. DE ITAPIRUBA;IMBITUBASC
T. TRES BARRAS ;TRÊS BARRASSC
T.PR-412/SC-415;GARUVASC
TAIO           ;TAIÓSC
TAIO GRANDE    ;ITAIÓPOLISSC
TAIOZINHO      ;RIO DO CAMPOSC
TAMANDUA 1     ;CANOINHASSC
TANGARA        ;TANGARÁSC
TANQUE         ;CAMPO BELO DO SULSC
TAQUARA VERDE  ;CAÇADORSC
TAQUARAL       ;PRESIDENTE CASTELLO BRANCOSC
TAQUARAS       ;RANCHO QUEIMADOSC
TAQUARINHA     ;CAXAMBU DO SULSC
TENENTE        ;JACINTO MACHADOSC
TERCEIRO BRACO ;MASSARANDUBASC
TERMAS GRAVATAL;GRAVATALSC
TESTO CENTRAL  ;POMERODESC
TESTO REGA     ;POMERODESC
TESTO SALTO    ;BLUMENAUSC
TIGIPIO        ;SÃO JOÃO BATISTASC
TIGRE          ;TIGRINHOSSC
TIGRINHOS      ;TIGRINHOSSC
TIJUCAS        ;TIJUCASSC
TIJUQUINHAS    ;BIGUAÇUSC
TIMBE DO SUL   ;TIMBÉ DO SULSC
TIMBO          ;TIMBÓSC
TIMBO GRANDE   ;TIMBÓ GRANDESC
TIMBOPEBA      ;SÃO JOÃO DO SULSC
TINGUI         ;MAFRASC
TOLDO VELHO    ;IPUAÇUSC
TOLEDO PR      ;SC
TOMAZELLI      ;CHAPECÓSC
TOPE DA SERRA  ;NOVA ITABERABASC
TOPE DA SERRA 1;MARAVILHASC
TORRES         ;SC
TOZZO          ;PONTE SERRADASC
TR IRACEMINHA  ;AGRONÔMICASC
TRAVESSAO      ;BRAÇO DO NORTESC
TRES ARVORES   ;LAGESSC
TRES BARRAS    ;TRÊS BARRASSC
TRES BARRAS 2  ;ITUPORANGASC
TRES BARRAS 3  ;MELEIROSC
TRES IRMAOS    ;PRAIA GRANDESC
TRES PINHEIROS ;ÁGUA DOCESC
TRES RIACHOS   ;BIGUAÇUSC
TRES VOLTAS DV ;CAMPO ERÊSC
TREVISO        ;TREVISOSC
TREVO ADAMI    ;ÁGUA DOCESC
TREVO BR 282/SC;AGRONÔMICASC
TREVO TERMOVAC ;URUSSANGASC
TREZE DE MAIO  ;TREZE DE MAIOSC
TREZE DE MAIO 1;BARRA BONITASC
TREZE TILIAS   ;TREZE TÍLIASSC
TRINDADE       ;MARAVILHASC
TROMB CENTRAL  ;TROMBUDO CENTRALSC
TUBARAO        ;TUBARÃOSC
TUBARAO(OFICIN);TUBARÃOSC
TUNAPOLIS      ;TUNÁPOLISSC
TURVO          ;TURVOSC
U DA VITORIA PR;SC
UBATE          ;SANTA CECÍLIASC
UBATUBA        ;SÃO FRANCISCO DO SULSC
UMBU           ;CAMPO BELO DO SULSC
UNIAO DO OESTE ;UNIÃO DO OESTESC
UNISUL         ;PALHOÇASC
URUBICI        ;URUBICISC
URUPEMA        ;URUPEMASC
URUSSANGA      ;URUSSANGASC
UVA            ;ITÁSC
V BOA ESPERANCA;SOMBRIOSC
V D FRANCISCA  ;JOINVILLESC
V S CRISTOVAO  ;SOMBRIOSC
V.RIB. S. PAULO;RIO DO SULSC
VACARIA RS     ;SC
VACARIANO      ;URUBICISC
VACAS GORDAS   ;URUBICISC
VAL MOSQUITINHO;AGRONÔMICASC
VAL MOSQUITO   ;AGRONÔMICASC
VARGEAO        ;VARGEÃOSC
VARGEM         ;VARGEMSC
VARGEM ALEGRE  ;BANDEIRANTESC
VARGEM BONITA  ;VARGEM BONITASC
VARGEM CANOAS  ;GRAVATALSC
VARGEM GRANDE 1;INDAIALSC
VARGEM GRANDE 2;ÁGUAS MORNASSC
VARGEM GRANDE 3;VIDAL RAMOSSC
VARGEM PINHEIRO;SANTO AMARO DA IMPERATRIZSC
VARGINHA       ;ANITÁPOLISSC
VEADOS         ;ÁGUA DOCESC
VENANCIO AIRES ;SC
VERANOPOLIS RS ;SC
VERDINHO       ;CRICIÚMASC
VIDAL RAMOS    ;VIDAL RAMOSSC
VIDEIRA        ;VIDEIRASC
VIGIA          ;CAPÃO ALTOSC
VIGORELLI      ;SÃO FRANCISCO DO SULSC
VILA AMIZADE   ;GUARAMIRIMSC
VILA CAETANO   ;JOAÇABASC
VILA CONCEICAO ;SÃO JOÃO DO SULSC
VILA DA GLORIA ;SÃO FRANCISCO DO SULSC
VILA FORMOSA   ;FORMOSA DO SULSC
VILA ITOUPAVA  ;BLUMENAUSC
VILA KENNEDY   ;LUZERNASC
VILA MARIA     ;NOVA VENEZASC
VILA NOVA 1    ;LUIZ ALVESSC
VILA NOVA 2    ;IÇARASC
VILA NOVA 3    ;IMBITUBASC
VILA NOVA 4    ;ITUPORANGASC
VILA NOVA 5    ;MARAVILHASC
VILA NOVA 6    ;PERITIBASC
VILA PROGRESSO ;TURVOSC
VILA RUTHES    ;MAFRASC
VILA S CATARINA;SÃO JOÃO DO SULSC
VILA S JORGE   ;SIDERÓPOLISSC
VILA S ROQUE   ;CAMPO ERÊSC
VILA SANTANA   ;SÃO LOURENÇO DO OESTESC
VILA TEODORO   ;TROMBUDO CENTRALSC
VILA VELHA     ;OTACÍLIO COSTASC
VISTA ALEGRE 1 ;QUILOMBOSC
VISTA ALEGRE 4 ;IPUAÇUSC
VISTA ALTA     ;PRINCESASC
VITOR MEIRELES ;VITOR MEIRELESSC
VITOR MEIRELES1;VITOR MEIRELESSC
VOLTA GRANDE 1 ;PIRATUBASC
VOLTA GRANDE 2 ;NAVEGANTESSC
VOLTA GRANDE 3 ;RIO NEGRINHOSC
VOLTA GRANDE 4 ;MIRIM DOCESC
VOLTA GRANDE 5 ;JOSÉ BOITEUXSC
VOLTA GRANDE 6 ;ALTO BELA VISTASC
VOLTA REDONDA  ;SIDERÓPOLISSC
WARNOW         ;INDAIALSC
WITMARSUM      ;WITMARSUMSC
XANXERE        ;XANXERÊSC
XAVANTINA      ;XAVANTINASC
XAXIM          ;XAXIMSC
XAXIM 2        ;CURITIBANOSSC
XV DE NOVEMBRO ;CONCÓRDIASC
Z SUL(B RINCAO);IÇARASC
ZIMBROS        ;BOMBINHASSC
ZONA ALTA      ;PIRATUBASC
ZORTEA         ;ZORTÉASC
